UID,email,password
1001,josephsergio@example.net,)eMuo^!4#9
1002,lukesimpson@example.net,b8mzYAIi&X
1003,petersonmegan@example.net,N46aXPPs&L
1004,kimberlypineda@example.net,M79ZwKUo$e
1005,markturner@example.org,e7*NREDv$0
1006,gravesjennifer@example.net,TX)6Dqh^*B
1007,stevenstevenson@example.net,g0RE*wK3*X
1008,joanlewis@example.net,KR2F4^uS!9
1009,qthomas@example.net,Z_6%gF4paI
10010,aschmidt@example.com,#)pT6SaJnF
10011,pattersonbarbara@example.org,zsyO74Jt_%
10012,bwilliams@example.net,Y@0MWmx(X)
10013,pmerritt@example.com,B4KK_xMs*z
10014,fdavis@example.org,8RDAkQeN#o
10015,robertfitzgerald@example.org,H+s8jIrp)8
10016,tammy61@example.net,CI6Bw(pV+R
10017,barnesbarry@example.com,TyzJemy%%9
10018,brownshaun@example.net,Reg*3NMGd#
10019,zhayes@example.net,k5ceKDn6#n
10020,jason17@example.com,)f$N3e&K1B
10021,djones@example.org,2$lItOtX(0
10022,cassandra66@example.org,)22H*Mbc5o
10023,bentonelizabeth@example.net,Hx)r#Rsa&3
10024,vgarrett@example.net,$T7Ou@ZsJ^
10025,smithamy@example.com,20tEmetr^W
10026,gschroeder@example.net,go_#W5KvPy
10027,timothycurtis@example.com,*LYbJ)vT96
10028,davidrodriguez@example.net,+tEhGPN04r
10029,kathleenbanks@example.org,5L35l*LaA%
10030,mwilliams@example.net,*VB8Rnj@^v
10031,michael44@example.org,B&6qgPmBqi
10032,kimberly51@example.com,4(09WRztdH
10033,justinvance@example.net,JGBSqy)c^6
10034,mitchellsergio@example.com,86RGrbM*#a
10035,desiree17@example.com,%8RP)pSck5
10036,gscott@example.org,Hk*7EmZpnE
10037,sharon22@example.org,H%uz0%TwfZ
10038,deborah98@example.org,(xm4UqT)r7
10039,ashley01@example.net,_8QC)f)q_0
10040,joedominguez@example.net,Hd4Tt3Hz$7
10041,kimjames@example.org,pp80A!PPM&
10042,cathydavis@example.net,QA4GX3kR$+
10043,kphillips@example.org,2^j3yIvnLx
10044,campbellbernard@example.com,6GZV*KAe!9
10045,harperlarry@example.org,(0M3c%!43q
10046,elizabethgarcia@example.net,(9%U)EzDdd
10047,bfisher@example.com,%AJbLZzV2o
10048,stephenmoore@example.net,(2PbSHM4h9
10049,sydney70@example.org,t(w5XMckVe
10050,william12@example.org,IwF)5IbW8w
10051,nicolenichols@example.com,m1e9W&4W@a
10052,maria78@example.net,*4LzHTN4v^
10053,jeremy64@example.net,(eI9e9Oxd%
10054,hray@example.net,_9vl40Gfo4
10055,xcontreras@example.com,YLEw0Dr0$2
10056,ypeterson@example.org,!jt26@BinE
10057,ccollins@example.net,7jiZ(qlu$F
10058,ashley26@example.org,QgF2GPTNK*
10059,tom99@example.net,W&90WZ@Crw
10060,cking@example.org,Nrz0UMZe*2
10061,tiffany22@example.net,2y2PKFwR2!
10062,jackson48@example.org,_jaSIiyb9B
10063,dorothy42@example.net,HU8wnNs^3*
10064,rball@example.com,5$XjNf)w!4
10065,yjoseph@example.net,#5(30Dj_CL
10066,steeleamanda@example.net,n2Ji#T%_)f
10067,uwolf@example.org,$93FFSTdUl
10068,vhanna@example.com,2F6FeVAu_D
10069,lrobinson@example.com,1u9Eggzb)9
10070,hutchinsonmartha@example.com,+0Y4(63in)
10071,joshuahess@example.com,%5z2Jal)#F
10072,april29@example.org,5B$NXAdn*^
10073,otorres@example.net,E_c9*RupZZ
10074,barrettchristine@example.com,_b#d8A7bB$
10075,rhunter@example.org,c9y9Sz4(v%
10076,twolfe@example.net,(6E)heL+_y
10077,lewisalexis@example.net,mtw1v1Mk*W
10078,jessicaramsey@example.com,^0S9!TpkfI
10079,lance76@example.org,ja$x7Qrmnf
10080,jeffrey28@example.com,#uY0ZJtjU&
10081,karenwang@example.org,*5s)&iQs#^
10082,briannareynolds@example.com,%W0BKzcZ2B
10083,mdavis@example.net,KD2W!SHkz$
10084,erica28@example.net,lsJTOSng$9
10085,phillipschristopher@example.com,mo_1_IZzX_
10086,sarahevans@example.com,s1UU$Evg@7
10087,hawkinsleslie@example.org,apLSmhaV$5
10088,hollybrown@example.com,O5tvOHkw@C
10089,raymond05@example.com,vz0MK_sn2!
10090,cindylawrence@example.org,4coLdORH_5
10091,bakeredward@example.org,5_D)6Wrin)
10092,bakerchristopher@example.org,Z4OYnst7&p
10093,clarenceallen@example.net,py3PCsle0+
10094,moodycharles@example.org,P&6#0EeI3E
10095,gonzalezbrooke@example.net,^2zZfAUJ3a
10096,smithpatricia@example.com,OCn76UvR!9
10097,ehall@example.net,_0$wLy#@o1
10098,evansscott@example.com,$6)Skat%nc
10099,jcox@example.com,(bVX5M1sZ$
100100,ucastillo@example.com,U0Gf%VAe&z
100101,erinmalone@example.com,!22EX6%hhv
100102,crystalpearson@example.com,!4MqDfhY46
100103,bobbyclark@example.org,@5cWeLgZk6
100104,ylong@example.net,*7tnCPv#C7
100105,kcoleman@example.net,$Q70pLrMd1
100106,benjamin97@example.net,B8#zW0Pl^f
100107,chelsea33@example.org,v3lYONJG#p
100108,lisa84@example.net,+8#LIry@uQ
100109,stacy22@example.com,#3$EwwbqL1
100110,wboone@example.com,Ld)0XChxMp
100111,dylanmorrison@example.com,U!T)0ZpxC7
100112,darrylburke@example.net,vgdjZBJ4$8
100113,amy03@example.org,3i0LN_ty+t
100114,sanchezjill@example.org,@2*FHXdHPu
100115,anthony12@example.net,%qHyuOq3u5
100116,patrickmckay@example.org,RW3ZoTpmp&
100117,heather39@example.net,9ZC0i%z7)k
100118,christopher00@example.org,^_$5WPojB*
100119,kennethpierce@example.net,@1)MgYtjH*
100120,samuel33@example.org,&6zG6@ly1@
100121,lhall@example.com,+GIDyA8n16
100122,rhonda03@example.org,lT_QIJz^#8
100123,sheri94@example.net,M%%A2Zk5I3
100124,yrogers@example.org,+gL(qP5yY4
100125,pvaughan@example.com,Ejm7kT)Hr$
100126,cwilliams@example.net,(2vOJTLb$r
100127,jennifer03@example.net,5*LBfseO^2
100128,glennamy@example.org,ot7B0u)_q@
100129,davidlee@example.net,(8zHQthM7X
100130,emily48@example.com,Ww7XEBl)%+
100131,owensstephanie@example.org,^30)XkNZs2
100132,williamglenn@example.com,rBtUwJ7L_2
100133,wprice@example.net,&*7eUXsBI6
100134,rossabigail@example.net,x$61KC6t72
100135,kristinmorris@example.org,4mR$ExIk_L
100136,troy61@example.com,A7pGM*Jh_%
100137,thomassimon@example.net,%1kfY$Ly2t
100138,nicholsdeborah@example.org,E5xKu_f7+2
100139,sophia52@example.net,QwKGT4Ew+S
100140,scottlowery@example.net,vWhv%5EjLK
100141,christopher77@example.com,j9Ido4cf+t
100142,karen68@example.com,NiUE4F_(g)
100143,julieadams@example.net,1rWBCyhm$3
100144,flemingmichael@example.net,Te3CO9IcW$
100145,maryowens@example.org,(HqK4w*u@0
100146,walter03@example.net,%S+%MKr9c1
100147,jessicaalvarado@example.com,9*a1PLlxlD
100148,jacob24@example.net,2!4J1yN98u
100149,lewischad@example.org,m*6VD^iQ$U
100150,oharrington@example.org,21Xw&sto#M
100151,dalton05@example.org,@z!^OW0_f8
100152,stacy36@example.com,+2sW6hPQ0y
100153,jacquelinesims@example.com,rdIdkQrZ^6
100154,joycegomez@example.com,6M1SoK!E($
100155,khiggins@example.org,Bd&4NKvw(U
100156,johnsonlindsey@example.com,0)PfCw5E#5
100157,tthornton@example.org,0q0Ph@pt%F
100158,andrew72@example.net,t2n90eRp!$
100159,qhinton@example.org,5tRLfMg2(e
100160,johncallahan@example.net,@^0LttukJ3
100161,christine36@example.com,L^S8OpDt9y
100162,tami50@example.com,8*_ABjuW)y
100163,mperez@example.com,WBb7d3Ck8)
100164,shirley73@example.com,%E0al8ii@^
100165,gkeller@example.org,6bW0AJf(E^
100166,brookssusan@example.org,CdP2U9Uq!!
100167,umccall@example.com,^31cRQoLUu
100168,bishoplawrence@example.org,(sHCDw0M1w
100169,eroberts@example.net,#_L0J7piLx
100170,davidperez@example.net,_0+If)(6@6
100171,ihays@example.com,6kXmauXe+6
100172,kyle11@example.com,2TANoq5#_b
100173,max05@example.com,+j$DVcKJk2
100174,carterjeffery@example.com,BD@2Nlw0c%
100175,leenathan@example.org,r0_pOY4o%5
100176,james15@example.net,K+#LMyiH*7
100177,bradmclaughlin@example.net,s#9hmwXs2o
100178,michelle84@example.net,@37Ge_21xx
100179,hansonjason@example.net,@An(1bUv0p
100180,kyle84@example.org,b_v+1dYH*g
100181,henry16@example.org,^L8Ez6t5!g
100182,victoria02@example.com,2PBD5GXhn^
100183,lorichandler@example.net,mr6$U3Dk+0
100184,grantbryan@example.org,8jTAq%)e#e
100185,kanemichelle@example.com,Wz9sucJ&Y(
100186,whitejoseph@example.org,@9AdZ_zxko
100187,sonia82@example.org,@T&Zgxl54&
100188,william55@example.net,m3Q($pC&$l
100189,audreysharp@example.com,8cI!Lebo$B
100190,colemantaylor@example.org,%!rAqTC(%6
100191,kristyesparza@example.net,(NVv$7Thgk
100192,andrea20@example.org,o@2LnzuUp#
100193,folson@example.net,9VH9OrMO@1
100194,laurenjensen@example.com,(P36O5mvVA
100195,rittercassandra@example.org,a*n3jNpFH)
100196,lanthony@example.com,!uF1LmiF47
100197,lamlaurie@example.org,_@7XnDgUiQ
100198,ramseydavid@example.net,!mtahOb_z0
100199,schultzterri@example.net,hmMeD3Sd$3
100200,sgordon@example.org,$4LVrayb$3
100201,medinaamanda@example.com,##2A12gg3)
100202,fbruce@example.org,W@V0)e%n!Z
100203,rachel95@example.org,Xa2Q_Zxph+
100204,tgrant@example.com,3kLD(e$v%v
100205,webbamber@example.com,2t6fLLyt!U
100206,laurabailey@example.com,*lBo^S2#g2
100207,frederickmelissa@example.com,V$9iHhGk1K
100208,yashley@example.net,*Ldr&Plo3o
100209,larryrios@example.org,d7_8gR#s5i
100210,howardbradley@example.org,*_P9tu78u0
100211,turnerpaige@example.org,*6SNKV#oba
100212,lyonsamanda@example.org,!GFBJPtGI7
100213,jonesandrea@example.com,xp5SKaipG+
100214,amandarobinson@example.net,_n4HC6Joa%
100215,beardmonica@example.com,9^JiQStx#X
100216,rperry@example.org,&39Gyfk93s
100217,tylerbailey@example.org,*$f27B7(kz
100218,donday@example.net,m)!P$Rwr_5
100219,reidandrew@example.org,!0%3Yhv9$v
100220,powelldawn@example.net,LQnWyzQs)8
100221,hensonjeanette@example.org,6#f4PckO6s
100222,ccarter@example.net,^JW)GKfA*7
100223,christinehudson@example.org,U&9Ohj@3r#
100224,nholmes@example.com,!h9NOP+nST
100225,omartinez@example.org,_i*oo6Oc1e
100226,jeffersonapril@example.net,iNq)2GNdE*
100227,tonyabowman@example.net,c(Pk0QfisJ
100228,williamscraig@example.org,*BhOOk2x1r
100229,zfarrell@example.net,rq5rZisJ(M
100230,todd14@example.net,@k6X5ojebO
100231,cynthiamccann@example.com,)r2Or#+9R2
100232,michelle14@example.net,ec33jPzhM(
100233,joanclark@example.com,j!F7vTl7$8
100234,gregorysolomon@example.org,rX)1PYf)Vu
100235,millerbenjamin@example.net,Kk^5F5XhR^
100236,howardanthony@example.org,*7K_rwPf#8
100237,whitedaniel@example.org,u5(1gNlK$(
100238,chris41@example.net,jv)*X8Bz)(
100239,christophergutierrez@example.com,*U5Rai6Ey$
100240,williamskyle@example.com,7bbVIliz%p
100241,evansjennifer@example.com,u3!38Vyd!d
100242,amanda61@example.com,$2Gn&93W_y
100243,davisdavid@example.org,$f1zLwxyt2
100244,amylong@example.com,QumI1)Nqe%
100245,frymatthew@example.net,)z60UTVbw(
100246,kmccoy@example.net,E%P3VR_fP!
100247,carlos12@example.org,*RH3$TzibA
100248,cody06@example.com,p6!l55SK+5
100249,edeleon@example.org,rwj7wCa_w#
100250,trevorroberts@example.org,9)t4+Tie6!
100251,larry53@example.net,2!SCYfvl^$
100252,monicacarney@example.com,_T1yOcjTy@
100253,alison88@example.org,iZ!K9RFd%n
100254,ladams@example.org,qEA)A+e5&2
100255,cynthia31@example.net,@4H3VNAz*Y
100256,catherinecuevas@example.org,g$s23Tlu6N
100257,sara92@example.com,_6GSBvxEit
100258,darinmorgan@example.net,^Sq3Nf#OpB
100259,christopher90@example.org,f%ZT2VllwF
100260,davidcobb@example.org,yY+5MhRny_
100261,sjohnson@example.org,@zFzPinF9e
100262,hayesdaniel@example.com,fw7KVWUx*@
100263,ryanalexander@example.org,*@)8Trfx*+
100264,calebburch@example.net,^tV@Vzk84x
100265,adamsjoseph@example.net,746Q3oooA#
100266,matthew07@example.org,%9U9RRT5ne
100267,karen92@example.org,9eZqpj$2^#
100268,torreskelli@example.org,fZ!2FkT^0t
100269,susan55@example.org,cI4G8Kvl!X
100270,abigail60@example.org,4*kBpr9g@h
100271,xalexander@example.com,Y3laC0mT$Z
100272,christina24@example.org,k4LzOeN^&m
100273,pricekimberly@example.com,0P4Gl72@t)
100274,eric07@example.net,L)w7VAgu7U
100275,joel72@example.com,Zq31E#Ns!G
100276,rochameredith@example.net,^r8fV4Ye&X
100277,robertscrystal@example.com,s$9K5#RtB*
100278,nhanna@example.net,4b9fXDUet@
100279,hoodanna@example.net,^uJO&rUp64
100280,nathanwelch@example.org,!v7SN8@hz9
100281,johnny40@example.org,+1lcOWov&%
100282,millerchelsea@example.net,^2XMp0YhB7
100283,ocooper@example.net,h)&7!F5jh4
100284,bfriedman@example.org,_4MzW%2i8(
100285,haguirre@example.net,ROIq4TYe*%
100286,imitchell@example.net,Hk3HcCyz&5
100287,brian03@example.org,U#2QPAaA(q
100288,fosterrobert@example.net,@90LJyy%)p
100289,keithcharles@example.com,w%6S^z8l&%
100290,hwright@example.com,i^Km5bVfnm
100291,moorerobert@example.com,ntM4V3Aa(_
100292,robertcarpenter@example.net,QEZ5L7ka$n
100293,joshua02@example.org,Ft8&XL1s@0
100294,frankcynthia@example.com,$G4QQQccPK
100295,colemanalexis@example.com,vwO_qnnI@6
100296,jimenezchristopher@example.org,WlqH)0YvDP
100297,kennethcastro@example.org,Y@G6nQp)0^
100298,andredeleon@example.net,B^*6dD@l5s
100299,james07@example.com,+stG(eky*9
100300,donwright@example.com,amITU_4p)1
100301,lisa66@example.org,2@0ZtRhnN%
100302,kyang@example.net,@7JJsPlHOi
100303,woodjason@example.com,N6jMEy%b@d
100304,ahill@example.org,)344RoNef&
100305,contrerasstephanie@example.com,UiZY7Rr(%G
100306,ifranco@example.com,#5JSintBzT
100307,jeanettecastillo@example.net,i0Enx8N2!2
100308,cromero@example.net,#L(3A)abF9
100309,efreeman@example.net,07ozw(Ci&J
100310,jonescaitlin@example.net,#5aF)^8uVp
100311,kennethsingh@example.org,zX@u6XCnY(
100312,franklinshannon@example.org,_45v)VvZJO
100313,michael08@example.org,iekd1cItN*
100314,vicki01@example.com,&dBYnS&xc5
100315,mrobinson@example.com,VR9kKBqb+j
100316,harperjames@example.org,)(+JAE_sd3
100317,garrett90@example.org,@5U*IkBk3e
100318,rocharichard@example.org,u*ach3Iu#(
100319,salazarangelica@example.com,$Z2EbEj_Fo
100320,zbutler@example.com,@5CFvdnD)8
100321,jasmineallen@example.com,(ZzUQ5GfPg
100322,smithtaylor@example.org,)oK1B6aVY8
100323,andrewescobar@example.net,wdW4Z2k0Y*
100324,mathewsthomas@example.net,!!U72+iS9s
100325,christinewilliams@example.org,!8TfQwIrSf
100326,jsmith@example.net,#%0yELgTU2
100327,mckenzievickie@example.net,*a2VUja6nL
100328,ashleysmith@example.net,_h6%U4#rC2
100329,vincentjennifer@example.net,*p08CBgSr1
100330,carrisaiah@example.net,^B7!JcK5#5
100331,pricebrandon@example.org,79P+fOt6_B
100332,meganrubio@example.org,bg5(r8EnvZ
100333,alicia95@example.net,_38GC!oPU)
100334,parsonsjohn@example.com,H+&y7BTo^x
100335,williamsbenjamin@example.org,XaEe5JLx@6
100336,jharrison@example.net,$d9Xm%iD%g
100337,kevinthomas@example.com,&n6K(f36WV
100338,kherman@example.org,N*eZ1A2aP!
100339,calvin80@example.com,(7ZaBiug%u
100340,hickssandra@example.net,)x3Z1A2ux3
100341,lisa30@example.org,)9YtjbslKP
100342,mirandamccann@example.com,%wikAYbH0j
100343,ashleegeorge@example.com,UI^SYrL0#4
100344,mlong@example.com,1&FJT4Cft^
100345,isabellara@example.com,$9VM4g2kY6
100346,keithphillips@example.net,(5h!DgpsZr
100347,brandon38@example.com,^@al2Pj^k7
100348,richard41@example.com,5@BU1Lky^h
100349,belladam@example.com,jpTMRsfi@6
100350,fsmith@example.net,*6M8CkjB#p
100351,trevormiles@example.com,q$j4MU@nfg
100352,anthonyolson@example.net,7+VL0TEn*4
100353,villarrealsarah@example.com,A1DFeZgo^0
100354,lopezphillip@example.net,$A@KnWBz6L
100355,ronnie07@example.net,D!R1FY4zDw
100356,darren62@example.org,m43^S1ce+r
100357,david44@example.net,Y&4M7yu!^H
100358,fmayer@example.com,+1GsXV3pf4
100359,edward65@example.com,%r3pJ2Mi%0
100360,cwalker@example.com,v+_)62Vh7S
100361,justinclark@example.org,!4Oe6o%Ll#
100362,lancealexander@example.net,_W5$Yjr#F^
100363,craig32@example.com,@nhi6I(gF4
100364,butleranthony@example.net,!m*YLaaI$5
100365,sarah26@example.com,#+Q^&6ImY@
100366,amyfernandez@example.org,&^VTAVzy26
100367,cristina02@example.com,H2B()7Tz%9
100368,erica45@example.org,FFiX+_ef#3
100369,lauraorozco@example.com,!$4N4jg0$f
100370,mark28@example.com,rByuQ2EtS&
100371,nicholas32@example.net,^)9E)g&r_@
100372,andrewbrowning@example.com,+x!LZmdVX6
100373,browntheresa@example.com,Z^9@YKcYlM
100374,stephaniehenson@example.net,(6RjQI8lp#
100375,maloneveronica@example.org,c_@a0ZganK
100376,corywalter@example.net,_3CKc2tWMf
100377,ewilson@example.org,E53SP)msO*
100378,stanleystacey@example.net,#p#vf0Ow0%
100379,christophergutierrez@example.net,q61v8VBi%#
100380,ngonzalez@example.net,Xg*6Tq0i4Q
100381,kyle55@example.com,b3Qx_QaI&R
100382,rhodeselizabeth@example.net,$*fRE9IxW8
100383,pstewart@example.net,$2Qp_Z76oJ
100384,gabrielchapman@example.net,22VlamRE&n
100385,barbarahopkins@example.org,LSVz@8Pf$+
100386,garzamark@example.com,z+7naYGj94
100387,joshua26@example.org,cLYYcsHj@5
100388,lauragill@example.org,#PL7Q59nT5
100389,kathleen00@example.org,0sEA72@D!7
100390,angieowen@example.net,LQG7vEj#&7
100391,susanmelton@example.org,%UH1EhlFg2
100392,websterchristine@example.com,$38+lvfbYW
100393,diana84@example.org,A$+1Y6jqAg
100394,vabbott@example.org,i*64M*uCC4
100395,nathanturner@example.com,$aM9F#Rgoi
100396,wmills@example.com,PX7r$MdA)_
100397,princechristopher@example.com,UqB2sICe_9
100398,ivanreyes@example.org,h(54LHAz#y
100399,reyessherri@example.com,IQF*SIcy)9
100400,michael33@example.net,F+&D7#NoI0
100401,zcooper@example.org,+597IlHW5c
100402,brooksandrew@example.org,nmtYy8W3H(
100403,cynthia40@example.net,7rUo!Niu%M
100404,michael40@example.com,IBNQG7Xg2%
100405,rowetheodore@example.org,*GPdqdao5b
100406,kimberly03@example.com,8vU4Nd08Y+
100407,crystal38@example.net,&P09oXrzm)
100408,james21@example.org,uJmV0Gdgs@
100409,michaelbailey@example.com,%1W*kWPvx8
100410,powersthomas@example.net,OJU1SJdQV*
100411,amberwatts@example.net,9)8MHoVrsC
100412,lesliewilson@example.net,*QPOUd(7u8
100413,orobertson@example.com,$2UjZ$v@0a
100414,bharvey@example.org,Z0nLu5V0*a
100415,lbradley@example.com,+NzgHt_1p2
100416,davidbaker@example.org,Q$f3QnG3b3
100417,sherylleach@example.org,87yRqsRG@o
100418,matthewadams@example.com,*5eaR2aA7e
100419,justindixon@example.net,$#_1#ZsoAu
100420,amberroman@example.net,#UR4NwE&57
100421,john51@example.org,(0BBygH18E
100422,hburns@example.net,_EI*GfuIB8
100423,reyesrichard@example.com,3^R3uzmq)#
100424,mthomas@example.net,q33RwAeg3!
100425,ojohnson@example.com,NY5_Ryrp@9
100426,aanthony@example.com,v*BJ+jd#!7
100427,darrellsalas@example.org,wa7Fcgb5_9
100428,hdiaz@example.org,7jS@0Pot!J
100429,dannyallen@example.com,s)1QW*nkZL
100430,flee@example.net,gv0iXH#r^0
100431,mitchelllevine@example.org,+K4qqTbsUG
100432,wardjohn@example.org,j6^#8HfH01
100433,ytorres@example.com,1ToO)8io$8
100434,qcohen@example.net,Of#I3PxAk_
100435,daniel54@example.org,%qk5YfYf$6
100436,vhughes@example.net,&J8OUEVudV
100437,sfernandez@example.com,#qz&FFVA!7
100438,poncenancy@example.net,K(nezTBv@9
100439,qstewart@example.org,%W%Dk4T34Q
100440,james40@example.net,sYMKcI0P_5
100441,holmesbrett@example.org,!s9H$GDv%)
100442,michael00@example.com,cmZ$!1wr_1
100443,jennifer83@example.com,y&8XKkW5I5
100444,ztaylor@example.com,!9APfpBc9E
100445,wdavis@example.net,iEJ%5RJru)
100446,lisa03@example.com,(!MrJkzZe8
100447,kimberlybradford@example.net,@5!IQqJa$E
100448,ehickman@example.net,BE_M*2Xm*H
100449,woodgrace@example.org,)n1yII+yiV
100450,sue22@example.com,^u4UxFt&g2
100451,zhernandez@example.net,I&w_2)JzJu
100452,aevans@example.net,22)ZjAoy&2
100453,samanthamitchell@example.net,+0LN!OsX!5
100454,joshua58@example.org,8)8BVy%xbf
100455,rebeccaerickson@example.org,*h68MYmKpk
100456,alice02@example.net,k_Y7jK2y!3
100457,ebaxter@example.com,$krMu*r1#0
100458,garyblackwell@example.com,hI_9YzVg+*
100459,xjackson@example.net,97*0f8Ou+u
100460,hernandezjustin@example.com,7!E44PiJ^l
100461,tammycrawford@example.org,i(t7lkIq08
100462,ychen@example.net,0F1ebLAz&0
100463,robert12@example.net,k@u5)fXjU7
100464,justin53@example.com,%t6bGnBncn
100465,stephen17@example.org,@ICeT**330
100466,gibsonjennifer@example.org,QSO7YB(nx(
100467,ravenmartinez@example.net,%24Irc^n7i
100468,pagedenise@example.net,vh_N0EKhjM
100469,lauraperez@example.com,&mgdRZwtS2
100470,alexhicks@example.com,@YjRi9Vg5y
100471,lynntran@example.com,N2Ofifrd%2
100472,julia66@example.net,Bs2SrvN(T_
100473,ethan75@example.net,Bhp8HfX@@m
100474,lopezdavid@example.net,4(&61Sgzg$
100475,karl58@example.com,62zZHMW@&q
100476,juan66@example.org,$51$yhDu4_
100477,rmcgrath@example.com,#5qEaG7e@E
100478,patrickmitchell@example.com,M^INOVq#)3
100479,rebeccajefferson@example.org,+i!72Qyjoe
100480,brittany17@example.org,+1p)Nm!i$l
100481,porterleah@example.org,*38DCGBsVt
100482,matthewgomez@example.net,P1Peo*Xd($
100483,keithdana@example.org,2nkUn%^p)g
100484,nathan03@example.org,AUelaOqq(6
100485,robynhooper@example.org,w2ozhH!J^M
100486,jeffbishop@example.com,T*3WOiKtJ#
100487,austinnelson@example.net,6brF*t6A#9
100488,karen11@example.net,QbG60B1f!#
100489,michelle97@example.com,&WPVTuok!3
100490,cassandrajordan@example.net,s9VHAoQs%3
100491,brewerrebecca@example.net,_Q2c21XvMT
100492,jbenson@example.org,HnQ7RYmX&I
100493,nelsonmaria@example.com,p0U#U3!j)u
100494,leonardmichael@example.net,617IQRu_!y
100495,brendaosborn@example.net,BR_5SlNJHl
100496,pponce@example.net,Z^L4XPBvFR
100497,nowens@example.net,AL7n4T*q5)
100498,treed@example.com,_5c5XaGm6X
100499,gloria32@example.net,Eam1HVWc_%
100500,reneerivera@example.net,^8WHovak$i
100501,huynhjacob@example.org,Y1B0PdXG&u
100502,rosenicole@example.net,&g5GXgGlEs
100503,rosejonathan@example.org,Fe9HIz3hp$
100504,dhorton@example.net,(G*70FbP_n
100505,donna97@example.com,e4S3HQqh!9
100506,sarahstephens@example.net,+xRJ2hAxpJ
100507,tammy38@example.org,m&atT2PzYv
100508,benjaminmiranda@example.org,snWu3qAyT)
100509,alexandra28@example.org,ahRh!4Cqbr
100510,eric22@example.com,(LL@wQqna8
100511,vaguilar@example.org,@f4RgG9FI(
100512,dgrant@example.org,&%x5DuSo*Q
100513,mhaynes@example.net,#PFHu1%i+0
100514,emily78@example.com,@e3oq8Pad!
100515,stefanie63@example.org,kCYx5YBq+5
100516,hgriffin@example.net,J^Up37Ve)p
100517,jpadilla@example.org,*5+GeGdnQ8
100518,iberg@example.org,wMV_DIGV%8
100519,gconrad@example.com,^+109U^vXC
100520,morgan26@example.net,2RNT$^6i^O
100521,jtran@example.com,a_562RnlS2
100522,melissamartinez@example.com,$2Vqqyjgob
100523,michaelrivera@example.org,^y+9QnVi*e
100524,griffinnathan@example.org,yBq(oln_%3
100525,hansonraymond@example.net,w2SD&kuu@F
100526,teresa36@example.net,2g1MRWc^(n
100527,robinsoncindy@example.org,&@8TqyF68c
100528,kimberlyharper@example.net,@u@EIYnOw2
100529,troyholland@example.org,5po%Mt^p&W
100530,colleen80@example.org,V%3H@CEbTN
100531,reidgabriel@example.net,i+5!kLc2tf
100532,ashley09@example.com,+io&IQtS&9
100533,myerskathy@example.com,C0)h5PLmva
100534,william44@example.net,&5uQZK8#ex
100535,jennifergordon@example.org,8!@QH7Yn2g
100536,jkelly@example.net,8z3+ZPew(3
100537,alvaradopatrick@example.org,(1QXF3uszr
100538,ivanjackson@example.net,&_AD2dSgwg
100539,carrmary@example.net,&xz1SY$bRy
100540,andrew52@example.net,^lYbPeev8I
100541,thomaswhite@example.org,Z47IHQpa+(
100542,wayne64@example.com,E&g!0A@c##
100543,drodriguez@example.com,+(z53Vrsij
100544,colontyler@example.org,@Sv2LTigg2
100545,sparksmelissa@example.org,m)4h)AFq4v
100546,vanessadixon@example.net,(xGe^2Ix99
100547,douglaspoole@example.com,i4YRuM1c%U
100548,paulgilbert@example.com,K&2DnPR5&a
100549,chrispowers@example.net,F*4KEdBs$l
100550,katherine09@example.org,9NH+j5&Q)4
100551,jamie98@example.org,njV4mA)hb#
100552,goneill@example.org,@9C6fNOeQZ
100553,fitzpatrickyesenia@example.com,A#2Oyqwl_J
100554,contrerasmonique@example.net,JLJr5Lgl)6
100555,bestkyle@example.com,+qP0GerM6@
100556,christinarodgers@example.net,%O@l^1jyt6
100557,jacksonwarren@example.org,Ix!2R)Jc*d
100558,sanchezchristine@example.net,yqbT)CK8#0
100559,melissa90@example.com,&7ZhGAmdVd
100560,rebecca88@example.com,(X8b8ItY_O
100561,ijones@example.net,@vRw3Y%iF*
100562,beasleyjonathan@example.com,_&#jkDmqK4
100563,kendra53@example.com,zrHu$3Vg^N
100564,jennifer05@example.net,!rOm08Gaze
100565,sclark@example.com,TVX_KA2vC+
100566,perrypaul@example.net,)e3mOB&zrg
100567,scott48@example.org,8U*be@Pz(H
100568,courtneyflynn@example.net,T*$)7Syjk4
100569,astevenson@example.net,@eYbvBHwy5
100570,lbeasley@example.com,6gqlRP^s&6
100571,ojones@example.com,*j5Z6f*j^h
100572,ericahunt@example.org,#qN!Z2PqSd
100573,mercadoadam@example.net,*@19Vu0yb&
100574,robert53@example.net,X+2!Kd63MX
100575,jeremypaul@example.com,&R(04rDwnW
100576,orrjoshua@example.com,k1dvX$ec#f
100577,elizabethmathews@example.net,6e$7YefiKa
100578,ubarrett@example.net,X%88Ez4yNr
100579,lauren72@example.net,_Eg7QE%eZe
100580,cruzkristina@example.com,J(3$o&FjYd
100581,ucrawford@example.org,@rGVMyQO1N
100582,crossmark@example.org,7V@35aAx(H
100583,sherrygriffin@example.com,_cJs!VY@F0
100584,heather54@example.org,U&!dU3FXhh
100585,hawkinsmichelle@example.org,!9Vw6Skra@
100586,brandi96@example.net,^jZUCfJp4b
100587,andrew18@example.org,7Qi7KbyoK&
100588,daniellerussell@example.org,5UB^VatG@C
100589,lowetyler@example.net,$8QFHqJ!%K
100590,carolynwoodward@example.com,(199lJDxZ%
100591,randallrichard@example.net,Z$16Iv#zSl
100592,josephevans@example.org,k_7vDoKdF$
100593,mstephens@example.net,Hd8mGlU!g%
100594,natashaevans@example.org,bE4SoK$H(h
100595,james48@example.com,7$JXl2rY_4
100596,smurphy@example.net,_6Ur@LpDVK
100597,ian02@example.net,@3JV_f4FmU
100598,caroline54@example.org,2$2B9Fh@8l
100599,emma87@example.com,nA)6TPsDlq
100600,ywatson@example.org,C15Kyr6Lv(
100601,paulhall@example.net,Db@w9FRw6F
100602,steveduran@example.com,Mw)18Sxn4&
100603,stevenpruitt@example.com,tjg5ML*u@F
100604,david71@example.net,7ZJ2)jVi^1
100605,olivertodd@example.org,Z5WL#w!b&(
100606,tnelson@example.com,d+jU23Eqaf
100607,awilliams@example.org,qn53WCWQ!!
100608,markcarter@example.com,R9%6Wpbcqa
100609,knielsen@example.net,52qEEMLn)x
100610,molinaamy@example.com,09Cu7txb@Y
100611,chasewalker@example.com,5jteW7C^0$
100612,victorscott@example.com,)058WpksA3
100613,matthew35@example.com,#m3wA1Fdf$
100614,sarah37@example.com,1l$D_4JrPY
100615,franklinjeffrey@example.com,!CVT$s$d5V
100616,harrisonelizabeth@example.com,+6L85(Sb0d
100617,rreynolds@example.org,&cMFJkhHn4
100618,debbiecherry@example.org,!X3Wu1Xxqp
100619,mark35@example.org,emp5Koi$I)
100620,wilkinsonvictoria@example.org,M@u_2bRw6j
100621,josephjames@example.net,p8vsVH4B^c
100622,andrea56@example.com,!c9%Wy80k*
100623,armstrongcharles@example.com,!vFT^VtK*5
100624,jessicamartinez@example.org,&q1aRsDs0P
100625,steven75@example.com,EAj@NK!e+5
100626,ninacook@example.com,%Y4KjFXc4&
100627,zgarcia@example.com,5*L4YAXpNy
100628,francisalan@example.net,Lk4HCc9K@_
100629,zmartinez@example.net,L5%5FLhop8
100630,sbenitez@example.org,rX0Yvj_g^O
100631,josephallen@example.org,$2ZxDDtnpm
100632,mwalton@example.org,&up4rKvqY(
100633,bstevens@example.com,^g3Gy5cdsQ
100634,williamcastillo@example.com,VjD&0UJudO
100635,goldenjason@example.com,*F4KFAlel!
100636,pwood@example.org,q#E2XyUQ#b
100637,jmccarty@example.net,cY*K9QKgek
100638,smithjill@example.com,8oxc5HE#D&
100639,alexander41@example.org,96@RZRqc#6
100640,hmartinez@example.com,rn3PtGxCm!
100641,jenniferbrown@example.net,)6TcGcTwmg
100642,brenda61@example.net,G05M7Rkd+K
100643,kevinmccall@example.org,(3Ot^6Ls@n
100644,jfinley@example.net,U^7%+Dpeg1
100645,michaellong@example.net,@*61KOc^uK
100646,johnsontimothy@example.org,^T5rBvMlRU
100647,jennifer40@example.net,PS9FfXpe^_
100648,ehenson@example.net,4r&gJEnr##
100649,kathy79@example.com,C@8F$uJu&G
100650,jerryhenry@example.com,*NvRgUd^(8
100651,xpadilla@example.net,_YQLL(sfn2
100652,lloydcrystal@example.com,!1QtnYZ^uW
100653,kemprobert@example.com,K8V8#mOy!H
100654,daniel13@example.org,_hhG2gUb!a
100655,charlesjones@example.org,^cU%SVdzW5
100656,collinsamber@example.com,P6kWLxjb@N
100657,ibuckley@example.com,_%USnFwdJ6
100658,jennycross@example.org,wsU#vP+h#1
100659,amanda33@example.com,Ns(Pl+wH&4
100660,sharpjames@example.com,(8ZXM&e&mu
100661,keycarmen@example.com,L)6F2Cgn56
100662,william77@example.com,d335uRq7J%
100663,eric79@example.org,$dWng@&hi6
100664,angela09@example.com,*)9fD7TzsJ
100665,christopher45@example.org,7ec*2XKgXU
100666,theresamurphy@example.org,v(vY5wIv7k
100667,angelastewart@example.com,x(1LZVayK2
100668,cobbheidi@example.net,8cUZud6q$I
100669,erodriguez@example.com,u55ElCeaw%
100670,nwashington@example.org,0$FS9*lqyJ
100671,ycastaneda@example.com,&#)3)WLnJC
100672,mitchellsherry@example.org,$71HZ9xvz(
100673,barbara15@example.org,W^12a@b5zN
100674,jessica34@example.com,(#vh$NcW1Z
100675,turnerbarbara@example.com,@1WWUELsOn
100676,stephaniepearson@example.net,O#9HGAtym+
100677,jasonjohnson@example.org,!!rudWVud2
100678,eparrish@example.com,!j^J!gjk&0
100679,scottjeremiah@example.net,&_BIpkf4b2
100680,santoscaitlin@example.net,!cMIEq^tB3
100681,davidhines@example.org,UF13KYqYo^
100682,kgonzalez@example.org,8y64^NbF(u
100683,rodrigueztyler@example.org,k9Y)vxji%%
100684,jeremy58@example.net,@8LL4iyvV6
100685,zsandoval@example.com,8&^8J*c1vv
100686,whitney91@example.org,%7MCSmvnJ3
100687,rmckinney@example.com,0e6eL*(a@H
100688,russelljessica@example.org,hG!Ehqw9#6
100689,heather81@example.org,!84QWUseyC
100690,gtran@example.org,JyM$6zFrK(
100691,reedjenna@example.net,@p)k6Zqy74
100692,josephdavenport@example.net,#wXT98VB_+
100693,wagnerrichard@example.net,!(B^T0Rsgh
100694,pwilliams@example.net,(^HghUOe@3
100695,vgonzalez@example.org,tP#qN5ApoE
100696,dennisroger@example.com,Nac5KJTp&Z
100697,amandapowell@example.net,)Z9&TtnkHR
100698,rebecca29@example.com,+75EBGcmkZ
100699,johnsonkathy@example.org,jB4MQ@Sk*9
100700,ujohnson@example.org,r)%*6vCvo8
100701,paulherrera@example.org,F1pO&Igj(J
100702,matthewbrooks@example.com,42rWGc_q%@
100703,barnettdebra@example.com,yyt1X9Op_7
100704,lisa67@example.net,&9ycBIuB^J
100705,michael34@example.net,!7TkxRIZQ9
100706,jacobyork@example.com,)!C$3TjzrF
100707,sarah27@example.net,B+&$6Vy9Gw
100708,ramseykaitlyn@example.net,l^5wUSwy&M
100709,marchall@example.org,H@X0ImAx+7
100710,kellykathleen@example.com,clLTK+hv$2
100711,hmccarthy@example.org,r@$8AjC396
100712,dperez@example.com,U3SGev_K#@
100713,brandon24@example.net,!Nu#%(Sq%9
100714,phillipperry@example.com,Er!48UdxBV
100715,jacksonjared@example.com,p3N%X&sI_e
100716,justinwalker@example.net,U)8c2!HeP_
100717,perezmatthew@example.net,$7Mh!4PaWZ
100718,njarvis@example.org,%OsMkiJtl3
100719,cohenmisty@example.org,J%43JxQN*4
100720,brownamy@example.net,6lIaZlLx@K
100721,sjoseph@example.com,noPq)2Nf!W
100722,edward12@example.org,#isLGOfRc2
100723,dpage@example.net,6E2%IAiJc#
100724,tammy48@example.com,Qs3VdXhgn&
100725,erikapatterson@example.org,&oW8IQjeCS
100726,jodi77@example.org,(kR6CxrkMF
100727,lorraineramirez@example.org,#jV9_$Dx(%
100728,katrinafox@example.org,U+KCP0Ga6C
100729,thomasdeborah@example.org,5HJUbMRa#H
100730,nryan@example.com,_K!u7XKltk
100731,tjohnson@example.net,S$2D^fso0n
100732,allisonangela@example.org,!0LTAMq8I1
100733,julianromero@example.org,6D2HfrGz+7
100734,fuentesbobby@example.com,^cNfIrEO2I
100735,xrice@example.com,&939EWlyEw
100736,thomasmendoza@example.org,Bh2U1Lky!^
100737,whitejulie@example.net,*Q9xS$Ta&1
100738,molinamichael@example.com,ci(^e2UbHn
100739,alexandra36@example.org,l18Ewl+n_W
100740,ramoskyle@example.net,64)4Odwfq%
100741,drewcrawford@example.org,c#T0OE1pLj
100742,ronaldwilliams@example.org,$45f$BIiS!
100743,mattheweaton@example.net,Bnzn3VKRP_
100744,blanchardjames@example.org,(359R@FtX%
100745,ianderson@example.net,@#P2Z7uQC(
100746,ywright@example.org,*@kOWkKW7&
100747,nicolelewis@example.org,@fUZS7wU0S
100748,ortizbarbara@example.net,e#1**K&Cut
100749,hbrown@example.com,*lxDI6e&!9
100750,jchang@example.com,J@88GPro*w
100751,ryanwong@example.net,^_M2K5nnyk
100752,deanna49@example.net,$)w5FULXGi
100753,reedyvonne@example.com,@X2#UaZl56
100754,crystalmcpherson@example.org,!78gMuUi7@
100755,gregorystrickland@example.org,(arUMo#Zp3
100756,hharding@example.net,$9NEaIWwUs
100757,veronicawilliamson@example.com,+t1AaHI+f!
100758,bowersdebra@example.net,y38hWWKal)
100759,mcknightcourtney@example.org,#eBSV+Hdj4
100760,jason03@example.com,u6sykkWon#
100761,glasschad@example.com,@(++5vUPxo
100762,jamie01@example.com,y*7tZi!Rwj
100763,larryedwards@example.org,)yyN6YyzI$
100764,milesbrandon@example.com,8f7EaZep(6
100765,xsmith@example.com,S+7f$&Djlm
100766,robertvega@example.com,nJI)D7Fb+i
100767,acohen@example.net,Fi*22IXu#a
100768,watsonalyssa@example.org,SM%6W(k)6T
100769,michelebennett@example.net,0nwL8wc&#P
100770,boydkenneth@example.org,W2yDEuwZ$5
100771,tatealan@example.net,ql5nzL#y&7
100772,rogersjames@example.org,a$5Ku8Q5_)
100773,vincent69@example.net,&_12UtfrV#
100774,ffrye@example.net,D%6oXN2g%_
100775,lisa27@example.com,2t3DCDJU3*
100776,barbaramiller@example.org,k6wbG1L^+s
100777,mariaanderson@example.org,f!8ty0Ah7)
100778,pboone@example.org,!BWMcYUc10
100779,brandonkirby@example.net,g#cpL9Ma^1
100780,moorecrystal@example.org,viVMCBmQ#2
100781,gallagherstephanie@example.com,&f5!IS0tfE
100782,scottmiller@example.com,J(s4jZjJTk
100783,jenniferjohnson@example.net,#3EL3j*38U
100784,amanda09@example.org,A*5Rp+mez7
100785,jennifer30@example.com,)5tLAnW)4O
100786,robinsonkellie@example.net,@%C!ms^ug2
100787,ysandoval@example.net,1%7B%ypylR
100788,ryancindy@example.net,U)_7hNWm@o
100789,robert45@example.net,j!f8yIMd8R
100790,scarter@example.net,@11jGpZ!f!
100791,yvonne63@example.org,+8kTmP8tGP
100792,mitchellamy@example.net,*iV0kG37c7
100793,odiaz@example.net,z3x1Nc@+!v
100794,welchkatherine@example.com,YH%90Pwj#E
100795,njones@example.com,hNm3bkOhc(
100796,rebecca29@example.com,)090Ln)Z63
100797,brandonhernandez@example.org,M1NSj^ka_t
100798,isuarez@example.org,@1+WJkbvQu
100799,ithompson@example.net,&87zQ2rdRH
100800,ehoffman@example.org,RtH82DqWy^
100801,kingcatherine@example.com,1*s2FHs9l6
100802,mariagarza@example.com,L*9EJTKgUx
100803,katherine81@example.net,xp&)s0QxyX
100804,jessica30@example.com,ZKo9E79fG#
100805,nicholas62@example.net,Y$Mu3Trsih
100806,qclements@example.org,&2M_*cUK$J
100807,eandrews@example.net,7!O3LxI(Yu
100808,james29@example.org,zXBB19Gi+b
100809,potterstephen@example.org,Bd^JA3QvD@
100810,jennifercarter@example.org,F8VNb!Du^G
100811,nicoledickerson@example.com,6aL$a$U$@Z
100812,anthony04@example.org,!D6MaBa2!P
100813,william69@example.net,_2vNwB$()C
100814,mwright@example.com,F0liRxTo+X
100815,garcialisa@example.net,FY2H0B1i#)
100816,michaelsmall@example.net,!6bNgxX$9K
100817,cooperjordan@example.org,g8oN3t_p+g
100818,hmathis@example.com,B3R*jSfr!3
100819,mfreeman@example.net,$9C_Qkme)4
100820,sandovaljon@example.org,#oUDSn8(*1
100821,villajames@example.org,iw4g(CDn_j
100822,fthompson@example.org,!x^U9u*IQ7
100823,christinecole@example.net,d*7rIt0jtm
100824,dwaynebentley@example.org,I9OEo%of&4
100825,timothywilliams@example.net,V!9yZgj)+5
100826,knoxmichael@example.net,Ez9OV6pqD)
100827,kathleenpratt@example.org,!8@FZGBE_l
100828,aallen@example.com,E1YxXr)0$g
100829,wdalton@example.net,5bLR(fs1!h
100830,cameronrowe@example.net,I*he6NMxP6
100831,danieldavis@example.com,R#xZ!Op0!8
100832,madelinerivas@example.org,Bq93Nwuz$$
100833,teresa16@example.com,4!5n!7Kdpd
100834,rbarrera@example.net,y(9KWPiHY$
100835,davidfrazier@example.org,*a4@iaCz$Y
100836,tiffanyfisher@example.com,S(4#)O(gx^
100837,connieryan@example.org,$ny0SoYLLQ
100838,joshuahenson@example.net,4b1dbTfhk$
100839,ashley87@example.net,a8UfMPw+&2
100840,eugenebowen@example.com,eAcPpq6e$4
100841,joe91@example.net,*mQetCHh9S
100842,dianaevans@example.net,26ko7uUf+(
100843,wbowen@example.com,#3EfTY_J05
100844,jessica53@example.org,&0DNloN5@K
100845,brian30@example.net,Tl$7J3bt+M
100846,sarahwebb@example.com,QkM2MJ2l^7
100847,isimmons@example.net,6XI0E1k6R@
100848,jbrown@example.net,x*gS1rtlhY
100849,gholder@example.org,)1rnyGVm+A
100850,gsmith@example.org,7rVo9tCw_d
100851,canderson@example.com,_5H!dZN076
100852,ecarter@example.com,R$#55IuO6(
100853,jmiller@example.net,v*x8Z95oIx
100854,walterwallace@example.com,*tD#1SpC4d
100855,thomassarah@example.org,9&415cIx&+
100856,katelyn76@example.net,x&C3auAhun
100857,ramirezalexandria@example.org,)QS10LCb+9
100858,paulagillespie@example.net,re3DKD9as&
100859,torresjose@example.com,H%9XltMSW(
100860,sextondanny@example.com,I3I6wjKG)p
100861,wfriedman@example.com,#0XL4+Wq22
100862,hatfieldpaul@example.net,&TNeZ)bD2)
100863,soniabrooks@example.net,)BzMwi%pG3
100864,williamcrawford@example.com,X1r6URpK#i
100865,ksmith@example.com,+9c*F$mV7e
100866,eric85@example.com,_WGv8Yaq3i
100867,davidballard@example.org,^YXbdpiL5Z
100868,michelledeleon@example.net,5cLJ&9Bn_c
100869,johnsonmichael@example.com,fG8I4Kxw&L
100870,charlesthompson@example.net,rKj2HXSc%4
100871,pattersonrobert@example.net,jd1XXjUm@t
100872,mguzman@example.org,v6&2Evx1Tv
100873,flewis@example.com,*^8pQyDh@s
100874,wconner@example.org,#s0C_JoP^c
100875,nancy32@example.net,$sAFJr6+43
100876,phillip24@example.com,H4RmWbzu$2
100877,dhudson@example.com,7LDZlgWu#W
100878,rbrown@example.org,(%9BTjg^9q
100879,hillstephen@example.com,^09n1E4kc%
100880,robert96@example.net,!1S+NaCdyo
100881,tracyneal@example.net,2uRU*!nC%o
100882,fortiz@example.net,DT4Gw6ot#(
100883,greenkristi@example.org,46nvd3Rw_U
100884,uvalentine@example.com,^g5yKXrXcn
100885,amanda79@example.com,n@v84Kmv+3
100886,jcollins@example.com,7EE*z1lJ+I
100887,brianaduncan@example.net,BA3Yv*mR^)
100888,lynnkelsey@example.org,rQ3NDqbj%C
100889,meagan06@example.com,@HI!n1RT%1
100890,roachdeborah@example.com,#00c8Ihjp*
100891,lamadam@example.net,y*8k9Go+)p
100892,brandtwanda@example.com,j0U(1e^j$F
100893,patriciahawkins@example.com,5dP%lW&!(4
100894,ruthaustin@example.net,Y%vK8Vc^vi
100895,lisacarter@example.com,@74EGbnii!
100896,christopher91@example.com,P2PfKAX6)*
100897,alyssagoodman@example.org,EU592IBqa^
100898,kennethcohen@example.org,(ihA6BwsfL
100899,sarahrojas@example.org,Ij6hVAGzC%
100900,colemanaustin@example.org,@5Lz$tfbdQ
100901,james74@example.com,)e8VFpgj$$
100902,maria35@example.net,6hdExU%u(V
100903,cameronamy@example.com,^n1jBw(lW^
100904,vlucas@example.net,*^2MBGt5TR
100905,johnhill@example.com,9s5iV6Hfx#
100906,marquezmichael@example.net,pS9YHx$3w&
100907,ruizdebbie@example.org,c&9L(AhM@3
100908,kevin97@example.com,&s0kVaHW*^
100909,sheacandice@example.net,8L5iDVq3(%
100910,cscott@example.com,@&tFTr49#5
100911,nancy85@example.com,q@)OZkNS(6
100912,vkaufman@example.com,#tKMN+xUh2
100913,jeremiahgarcia@example.net,$9uQOI2jgG
100914,robertsmith@example.org,#5MxyYVix2
100915,samuel97@example.org,2k8GgI@Z%5
100916,tracy18@example.org,+(4AUUGiJO
100917,bennettmeredith@example.net,mzs3uZwi2@
100918,penamolly@example.org,+5VEgxi!OT
100919,savannahstein@example.org,)ehHqtFD(6
100920,hcardenas@example.org,K98YDYzL&q
100921,tracey84@example.org,1tA9Ha$ae)
100922,anitahunter@example.net,f!F9tnVlnB
100923,whester@example.org,A6Q9UdXo&O
100924,eric10@example.net,wd^0mS!pP&
100925,bradleygarrett@example.com,*4T!Eir&6p
100926,hawkinsjennifer@example.org,(v9xgE3l(g
100927,mendozajose@example.org,uf6_kH1)(^
100928,swilkinson@example.com,+_7V8^Tl)0
100929,ujones@example.org,7jrehv^g!L
100930,daniel17@example.com,75lfbCEc&S
100931,angela27@example.com,gz2EcXMh%&
100932,mark28@example.net,z0f6j5Of@%
100933,awelch@example.net,B*Z)7F+fCk
100934,cfuller@example.org,SX6T8vOcB*
100935,nicholas80@example.net,*r0TUyOliR
100936,drobinson@example.net,Vb$5aF4tFm
100937,brandon03@example.net,&0Nd4W1^US
100938,jacqueline79@example.org,a1IwD(iq&b
100939,wcameron@example.net,Xu_(0NRnbG
100940,gwendolyn03@example.com,2Q9L1wbA!Q
100941,jameshoffman@example.com,_!3Ii+yZ_k
100942,richardhenry@example.net,T!&^6LNb+4
100943,mmann@example.org,d_N!2cMp4d
100944,ybenson@example.org,^rZ+tchr00
100945,williamseric@example.org,e2iEVTvs(6
100946,kimdeborah@example.org,83wj1XMd(f
100947,kayla66@example.org,L8UNYTJ%*i
100948,goodrobert@example.net,kQWnnNz1!6
100949,james79@example.net,eH3CJ)xxF!
100950,frank27@example.net,$2UdU*P5ed
100951,jasonchambers@example.com,(CLmeQOTs1
100952,kevin96@example.com,+lOe#SA@0Z
100953,nosborne@example.org,E(84HOrbyz
100954,vjohnson@example.com,8j5gw)Ul@N
100955,lesliemitchell@example.com,y@Ro8OLbL*
100956,larrywillis@example.org,$%9_eAj%&#
100957,rickychen@example.net,d36@8Teaw+
100958,grahamangela@example.org,+4+eUVynQ4
100959,fhubbard@example.com,XL9DXB5w*z
100960,hperez@example.net,4g0U!P%r+4
100961,melissa63@example.org,qwpJLVod@1
100962,eric54@example.org,T_0pl(LnO)
100963,lyork@example.com,^#7zwzDql6
100964,ssmith@example.com,E_$FE3RlS3
100965,mathisshawn@example.net,28TwB1Gm)c
100966,lechristopher@example.com,@e93wkYc%U
100967,rebecca71@example.org,52Oe5vaC)g
100968,holdenjohn@example.com,^9!Gw!CezI
100969,kristenbartlett@example.org,&3yV@fwl9#
100970,thompsonamanda@example.com,$+0Xz+k$27
100971,trevor53@example.com,(N!20Tm8Yx
100972,james75@example.net,^fpp0Cfexa
100973,hannah01@example.net,S9e01C8d$n
100974,kimberly61@example.org,#9&#@4WaNt
100975,austinreyes@example.net,K^4CVuks0@
100976,robbinsleslie@example.net,O29T0!fol*
100977,gloriagill@example.net,6)tb(Lc4(W
100978,sandrajones@example.org,l*04AhHsJf
100979,byrdcourtney@example.net,(TaFKMcjO6
100980,sphillips@example.com,q@7SYzLv05
100981,wesleywolfe@example.net,%8nWhxK7F4
100982,brewerjennifer@example.net,E%6BUQdfvW
100983,teresa74@example.net,_^g4COdqUK
100984,ivazquez@example.com,2+B7f9Xt)t
100985,nmitchell@example.org,A*8ZjB%MPZ
100986,dana01@example.com,@#4DF#af7m
100987,dylansampson@example.com,B02InwrO!G
100988,cdavis@example.org,+aa0qYIsX9
100989,wzamora@example.com,*7jIy^Fg$L
100990,aaronlester@example.com,u0w8QRAm%y
100991,joneskathy@example.net,*6^j5zCy_d
100992,jamesjackson@example.org,9TPsafJG*@
100993,perezkatherine@example.com,X@205P)xlU
100994,emilyellis@example.com,)rEG0dkiu0
100995,zbowen@example.net,MMS1HIOx$K
100996,gwest@example.org,_1PoAsAAOB
100997,catherinegiles@example.org,j67S01oP$G
100998,smithlisa@example.org,!^_TN6Kn(Y
100999,bcarrillo@example.net,Yej28bDeC_
1001000,brandiburke@example.org,F_98rXugfW
1001001,ahenry@example.org,9ha3JQsK^M
1001002,dbrown@example.org,3pQ5uvZt*o
1001003,melissalamb@example.com,@vT*kT1y%4
1001004,allisonwang@example.net,7r1G^u$v!U
1001005,welchbecky@example.com,_ucAD+uj65
1001006,qcampbell@example.com,hca_1Tou_g
1001007,smithmelanie@example.net,A7xwdQKwL^
1001008,jamesbrown@example.org,F+f8PbMj%D
1001009,cjohnson@example.org,IJ4FDefU+C
1001010,russellfrye@example.net,F*um1YlIk!
1001011,davidcaldwell@example.net,^8Srg+kN@4
1001012,jennifer82@example.net,L6y&27Db0F
1001013,russellstewart@example.com,dG(p0zZos)
1001014,jthompson@example.com,9G7Oz1XA&A
1001015,jackporter@example.org,c_UAUx@j^6
1001016,edwardskimberly@example.org,52sU!&p3^L
1001017,ybrown@example.com,J82DwUwy^p
1001018,hughesvictor@example.com,+HeNfY!_&2
1001019,ecook@example.net,$7j#HbOxYp
1001020,castillochristopher@example.org,P6)MPkzx$b
1001021,lindahebert@example.com,S+3c^0UwAY
1001022,redwards@example.org,7+$9LC#fBn
1001023,ckerr@example.com,)x9CoIiyim
1001024,corey72@example.net,J9Fa5PPv+_
1001025,harrellnicholas@example.org,(vAW^FAKC2
1001026,frice@example.com,!aPE))l#1s
1001027,gonzalezashley@example.com,t@8C%KgR!)
1001028,megansimpson@example.org,)DMzd@1KY7
1001029,johnmartinez@example.com,Go6PC)tlY&
1001030,jeffrey99@example.org,A&EIGexk%0
1001031,bestrada@example.net,g*U29iCoJ^
1001032,joseph92@example.net,)@$rXcKwV3
1001033,gina22@example.net,&cS9xCuwD5
1001034,william62@example.org,#trDQsH()8
1001035,fvalencia@example.org,h!8_PzHik4
1001036,gonzalezeric@example.net,c6@M!XBi%I
1001037,joshuaking@example.org,yNs5d)FhR%
1001038,donnaflores@example.com,G#01cBAv5x
1001039,cameronpamela@example.com,*3vZ^BDw%u
1001040,jberg@example.org,B$2_S8wXql
1001041,kirsten38@example.com,K4IW33ky#i
1001042,melissa99@example.net,0)0YNxwmW$
1001043,nhall@example.com,R$O00YrSvR
1001044,andreguerrero@example.net,%8M8pAjXAD
1001045,james94@example.org,K1kC@ga%)x
1001046,peterbell@example.org,+Z8FLVjg!k
1001047,sandersvincent@example.net,O3(*JOls#1
1001048,tanderson@example.org,&G!Euw^K8O
1001049,joseph11@example.net,i@73Ur&*Ef
1001050,eugene81@example.org,7dKT633I%1
1001051,brettbishop@example.net,H8GHAxqP#9
1001052,burnsbrent@example.com,#1PsQjz@^9
1001053,wesleyherring@example.net,y37%f7Tx@M
1001054,hendersoncourtney@example.com,_YO9Ba_O2#
1001055,zanderson@example.net,#^f$jpLxK0
1001056,ablair@example.com,0jAioF3g^^
1001057,amy67@example.net,4l7Cfvx7^B
1001058,huffmichael@example.com,uC2PnKkGt$
1001059,brownjames@example.net,m7XrDy50&y
1001060,lloydamanda@example.org,E_0vS(_@5y
1001061,matthewharding@example.com,+2IrfuLr1^
1001062,richdebbie@example.com,^9oBIy(64H
1001063,nancy63@example.net,loD3MvcH@1
1001064,drakecolin@example.net,@^F4HB8p+r
1001065,jasonevans@example.com,rR@S9DKd$M
1001066,lindseyjohnson@example.com,qSq_5_HhI*
1001067,courtney60@example.net,f9MHNL85&H
1001068,kguzman@example.org,&1mYKAax_B
1001069,cherylcastillo@example.com,Vf5SPXTa!U
1001070,brandonholder@example.net,N#h^2(DpW^
1001071,stacyandrews@example.com,^8v6uXx6Kx
1001072,devinkennedy@example.org,_1RX2tcHwA
1001073,jason12@example.com,k5xFHqcQ_V
1001074,charles96@example.net,!5G8iUqnr7
1001075,gregorydillon@example.org,8wu$8SzlFr
1001076,brownfrederick@example.net,Z_0pEx%_#v
1001077,todd78@example.org,h)9SS7LhR7
1001078,cuevasmargaret@example.net,)0DQqbL(dT
1001079,heather30@example.net,(NWD3(w94_
1001080,victorwilliams@example.org,s%D0FX$hm+
1001081,katherinehuang@example.com,t@aTF6Bm*V
1001082,mbyrd@example.com,Vn5pvZvaT^
1001083,jonesdaniel@example.com,#0EPjBHlro
1001084,elizabeth71@example.net,+wR5K7bx4Z
1001085,qjackson@example.net,Mb*i4nOjF9
1001086,jasonjohnson@example.com,(k0CJR+cjD
1001087,hmassey@example.com,$5JumTypL6
1001088,vincent98@example.net,0giRQ5vT@#
1001089,hperry@example.org,Fm82FOcL)y
1001090,marilynsanchez@example.net,(t2MUxnrAB
1001091,kimberlywhite@example.org,^1kXK_6a)5
1001092,shermanjulia@example.org,T+7PC8jx9s
1001093,patrick09@example.com,V_7!7BC5ow
1001094,joshua93@example.org,K4AQgidw&)
1001095,quinnrichard@example.org,#9O9wPCpet
1001096,monique78@example.net,^Kx7cX$vQB
1001097,jamesparker@example.com,)8IxtZSt6U
1001098,lcabrera@example.com,9g@0B2Wq1D
1001099,diazdavid@example.org,)SR)sl^l*2
1001100,chunter@example.com,+uKQLloRS4
1001101,rileypaul@example.org,*U3OYKef^B
1001102,thomasmorrison@example.com,&H9NJYqt$&
1001103,ymcdaniel@example.com,4N(*4F^jqQ
1001104,ogibson@example.net,SOi0A#Jg*p
1001105,nashlarry@example.com,S5F(oDlb(%
1001106,daughertyapril@example.net,4^ht3*Wr9h
1001107,melissahernandez@example.org,eE3M@E8w&&
1001108,robertromero@example.org,_3iphoPle0
1001109,amy55@example.org,*1VQ&Pncoc
1001110,halekristina@example.net,M)s6oOuI#b
1001111,daniel34@example.net,5@4Ldorb9X
1001112,rachelmunoz@example.net,v(C3KLDtzg
1001113,phillipslisa@example.net,Ihk(j7Iz8N
1001114,itaylor@example.com,QkH^J4RT*2
1001115,hernandezmichael@example.com,+^30Y2oldK
1001116,devonperez@example.org,80ZtVH2W&k
1001117,anthony80@example.net,42aRdVXQ+j
1001118,xpowell@example.net,Q*K(h3Hy&c
1001119,sydney18@example.net,P_0KUtOH+E
1001120,bcarlson@example.com,)pxdxE3zz9
1001121,mathew59@example.org,@$v5Ufga3m
1001122,robertross@example.net,^Zw3GTuu2A
1001123,jeremyriley@example.org,Q%nsw8QlR8
1001124,amber47@example.com,N)2sM3fA#s
1001125,sheppardjacqueline@example.org,(5h2gV%mp8
1001126,steven08@example.org,pwt^3TgLk_
1001127,rileyalyssa@example.com,S#oEhoHE*8
1001128,jodijohnson@example.org,&Y*@ZC0Br2
1001129,tsmith@example.org,#R1Kp)d7xs
1001130,klopez@example.org,b&U0RHi$wF
1001131,lorihayes@example.org,8DX%dNgk*O
1001132,edwardsjacob@example.net,*1K5&Fy#tL
1001133,hectorstone@example.org,5v65BIP2U+
1001134,hurststephanie@example.net,^9TX#DKGDy
1001135,johnboyd@example.net,*7JM&ew#Ec
1001136,melissahenry@example.net,Qk8G#iaQ(!
1001137,tsmith@example.com,+hP%LSVn0J
1001138,melissa35@example.net,$gjK$ADz3&
1001139,tho@example.net,)w08Wd@jD_
1001140,eric31@example.com,^QMT43cpu0
1001141,ashley23@example.com,l(34@EbMFC
1001142,sarapowers@example.net,0t5urZIkv+
1001143,hle@example.org,$Q00RzwkhJ
1001144,justinorr@example.org,*aMEMB6v01
1001145,usingh@example.net,FKJ)5QeHVz
1001146,alyssa37@example.com,x+0Ev%#_DE
1001147,ujames@example.net,oBj7FDmg%2
1001148,kleinchelsea@example.com,%0)+EcdE)B
1001149,okelley@example.com,a0tKJ2Nb+Z
1001150,sara79@example.org,7qwWmgNS*d
1001151,dylanbryant@example.net,&yuLAM85m8
1001152,kelly86@example.org,Y6@W9KBtkY
1001153,dawncochran@example.com,3(2Vj0F%3i
1001154,calebporter@example.org,&eVXntLv(9
1001155,griffindustin@example.com,H1Q51&Jb)T
1001156,chad88@example.net,^WtJgnDi@6
1001157,csalazar@example.org,M*n1CpgzlI
1001158,qtaylor@example.net,0GlMeki(@H
1001159,hughesheather@example.org,1&5NWCL54m
1001160,brianward@example.com,4pYZ$x_G_T
1001161,millerjohn@example.net,sAe4CtKi_X
1001162,cmiller@example.com,vD3qbHRk_7
1001163,smartin@example.org,Q&)i6zIg+J
1001164,nicole81@example.com,%2wk5Sih8u
1001165,leeduncan@example.com,gZ)6^MOrK!
1001166,bstokes@example.org,W6)4kGkh_2
1001167,danielschroeder@example.net,)zW(yg$s37
1001168,christy80@example.net,s(bRHKyo*5
1001169,carrthomas@example.net,^VNZZmfd@3
1001170,meganfreeman@example.com,^7MvZzm2*8
1001171,dannyanderson@example.com,%0%WE!qnXp
1001172,gdiaz@example.net,vh*Z$6Mx9d
1001173,melissa43@example.org,V)w1P0WkgS
1001174,bkramer@example.net,#Uc^M1HoxS
1001175,merrittmichael@example.com,((1!(eWhbg
1001176,vphelps@example.net,I5bYm(LT)w
1001177,kathyjohnson@example.org,28nbSKql@h
1001178,ruthproctor@example.org,$0ZWYuXUgb
1001179,murraysamantha@example.net,#psPCF&ef5
1001180,pamela18@example.net,$S59BCt83N
1001181,aarontaylor@example.com,%!5I@u58v1
1001182,carterkristen@example.com,0jo$_mYk$*
1001183,jessicastark@example.org,J*XyKADl@7
1001184,rodriguezcindy@example.com,$j16_nHrX^
1001185,christopherharrison@example.org,_@TgoUos8B
1001186,mnelson@example.net,i^9TaoWh0O
1001187,edwardrodriguez@example.com,QQ9SfKEvG&
1001188,lanedebra@example.com,H5+$5VnXp_
1001189,rblack@example.net,3NXGQbfd*Y
1001190,ldudley@example.com,81CpVVjh(t
1001191,zstanley@example.org,@RP1MvKA8^
1001192,anthonyadkins@example.net,XE2ZnaV@A!
1001193,jamieboyd@example.com,!9EzyMvjKx
1001194,knoxalexander@example.net,iB47BJwse*
1001195,kscott@example.com,av&WRfh8#6
1001196,foneal@example.org,+56)4NSfX5
1001197,kevinchase@example.org,!G5CiskyXi
1001198,greenbilly@example.net,!4Lx@g2i)(
1001199,loriherrera@example.org,$)_28AvwU7
1001200,ngrimes@example.org,u%91o#Iz4+
1001201,shawdavid@example.net,y7tN@#6L%j
1001202,brett00@example.com,g60yhJBb$X
1001203,huynhjonathan@example.org,n*8DjmeeRa
1001204,kevinblanchard@example.com,)314ACwNuk
1001205,tony26@example.net,%67sWmyww$
1001206,delgadoandrew@example.org,_&wPxW8s7c
1001207,zturner@example.net,%^4$NM*tO3
1001208,nhernandez@example.com,)oK1bMg8U1
1001209,stephenwhite@example.net,_v)1M6(dVa
1001210,lmarshall@example.net,c(7Q+EFt$$
1001211,jamesyoung@example.net,!U5aTdusHZ
1001212,rjones@example.org,l(4&Jmhta9
1001213,ejohnson@example.net,efg6W6u01*
1001214,joel00@example.net,4K6CzlDqO#
1001215,hopkinstamara@example.com,_SaO!DQrc1
1001216,jcuevas@example.com,XoB2Fjw9A+
1001217,qpeterson@example.org,sQ6GFEwjI^
1001218,peter54@example.com,)D!DkokKw1
1001219,ubowman@example.com,4PLv(IMV@7
1001220,mackenzie23@example.com,DcY$8Haroa
1001221,bradbrown@example.net,#$gUOVch2q
1001222,adamsjacqueline@example.org,+7W)cdQYKo
1001223,pjohnson@example.net,&0wCbDTnVp
1001224,pachecojanet@example.com,&1PkXBz@6n
1001225,pamela40@example.org,ef(6XGbJS!
1001226,sherylwilliams@example.net,$1%mOQLUgB
1001227,vickie26@example.net,m@h!0wQ01g
1001228,mooredouglas@example.com,$&@1YcDBXy
1001229,jordanmaria@example.com,rc2PEgo3$5
1001230,nunezolivia@example.org,6r6_FwEqN%
1001231,jacobharmon@example.net,8M@Bhju^$x
1001232,plittle@example.com,sQ1F2Ieo(e
1001233,richardbrown@example.org,u3F!6Jel1K
1001234,murphygregory@example.org,+I71H0WvRC
1001235,christophercarroll@example.net,gbJ@7YuIs)
1001236,taylor54@example.net,j!Pd9Ba@5X
1001237,crhodes@example.net,du+1NKJz+(
1001238,sheri74@example.org,pReED1Or#1
1001239,victor43@example.com,p1Z)lKCp*F
1001240,mendozaruben@example.org,Oyg8YeGt&a
1001241,catherine34@example.net,%sQ+*4Ftal
1001242,tony02@example.net,K5cUe+l%)e
1001243,jonesryan@example.com,%&VYsNI+4a
1001244,christophercross@example.org,@UIYy5rmm9
1001245,mary02@example.org,4%3LREv&SZ
1001246,cohenjessica@example.net,u#^@3XEc0k
1001247,william41@example.com,28FT@$wi$U
1001248,leahhamilton@example.com,)8@Cb7vkpl
1001249,rebeccaaustin@example.com,*02Ezft#0L
1001250,andrea94@example.com,%1sXogw9LI
1001251,taylormoore@example.com,H_#v#4Ono2
1001252,joyce83@example.com,!Jw+x9ZeRP
1001253,veronica08@example.org,I16UkCzq^N
1001254,grayryan@example.org,S+n3(A(e_P
1001255,marvinhunt@example.org,a!^1gbO@@m
1001256,corey53@example.com,!3uCW)UTWg
1001257,megan03@example.net,)045nPNv!w
1001258,rdavis@example.org,p6zY86pz#q
1001259,rmccoy@example.net,AbDwjILw%8
1001260,eric79@example.com,^2YbIpghl2
1001261,mortonlindsay@example.net,89Nqlx#7&G
1001262,sarah04@example.com,)VH6H_Tp0$
1001263,smithrobert@example.net,MCG46Xx^@8
1001264,butlerkevin@example.com,0Y0H)aw+!)
1001265,browncarlos@example.com,%Qbl@4RrTi
1001266,glennrobert@example.com,A2pGOmC4%9
1001267,jeffreywood@example.org,)0r5Wxyh!V
1001268,chanadam@example.org,$4BEpXr9M3
1001269,edwin74@example.net,_5ABLO^ACw
1001270,jacksonmonica@example.com,Qt2L4jWT_5
1001271,kswanson@example.com,Os4+Y)vw&0
1001272,patrick85@example.org,K204XIdoi%
1001273,kenneth82@example.net,O@cD4ZiryL
1001274,diana72@example.com,(XGMpm^O88
1001275,tmclaughlin@example.org,xT8oKlT99!
1001276,pricejenna@example.net,%W6YM#3kqQ
1001277,samanthalopez@example.net,j21dD+ai^^
1001278,michaellane@example.org,hMH$9BDaEf
1001279,michaelgonzales@example.com,^4QHpITK0Z
1001280,dianelawrence@example.org,4o1GG)vn$c
1001281,joshuavillarreal@example.org,*@Hn30Md#p
1001282,jessica13@example.com,R52kGni3&*
1001283,tonymiller@example.org,(Kk%3rFcZG
1001284,james02@example.net,4SmO0lOC#c
1001285,jeffrey86@example.net,He!NOqE$#5
1001286,marthakelly@example.net,f)9SZxy@Lp
1001287,gouldjason@example.com,BvC3TVr5^4
1001288,codydavis@example.org,Vlx6Itcw6_
1001289,philipclark@example.net,^*FG2Pw4!X
1001290,sierra16@example.com,0E4mN4jfX$
1001291,riverapamela@example.net,ReT4^mSD(8
1001292,alexis10@example.net,L5$2HWfhe^
1001293,gnunez@example.net,#7&ZZ)s0%y
1001294,henryhouse@example.com,(xEb_@Uq02
1001295,william12@example.com,_UUj8IWk!8
1001296,hernandezkimberly@example.org,l1DnwHVu#D
1001297,kristenwest@example.org,u*c0Y^aJqL
1001298,idaniels@example.org,33jMuaB9+g
1001299,williamreyes@example.com,N8t9zRr2+0
1001300,hwilliams@example.org,Y+6M^SeZ18
